,title,event_date,collect_date,subject,tables,docs,vids,imgs,content
0,2014년 브라질 월드컵,2014년 06월 13일 ~ 2014년 07월 14일,2014년 08월 01일 ~ 2014년 09월 05일,"예술 > 오락, 스포츠","1,402",0,180,0,"2014년 6월 13일 오전 5시(한국시간) 브라질과 크로아티아 개막전으로 브라질 월드컵이 시작되었다. 브라질은 월드컵 개막 1년 이전부터 주요 도시에서는 월드컵 반대 시위와 파업으로 전개되었고, 시위자들은 대회 개최에 들어가는 막대한 비용을 보건, 교육 등 내부 시스템 개선에 쓸 것을 요구하였다. 브라질 연방정부가 2013년 6월에 발표한 개최 비용은 약 125억 달러(12조8500억원)으로 2002년 한∙일 월드컵(5조2300억원), 2006년 독일 월드컵(5조5400억원)보다 세 배 많은 액수였다. AP통신 등 외신에 따르면 브라질 상파울루의 코린치앙스 스타디움에 열린 개막식에 총 800만 달러(약 81억원)을 사용한 것으로 전해졌다. 한편 독일이 7월14일 결승전에서 1-0으로 아르헨티나를 꺾고 우승을 하였고, 개최국인 브라질은 3-4위전에서 네덜란드에 0-3으로 패하여 4위에 머물렀다. 벨기에, 알제리, 러시아와 같이 H조에 속하던 홍명보감독이 이끌던 우리나라팀은 득점 3, 실점 6, 승점 1로 H조에서 4위를 하여 16강에 올라가지 못했다."
1,2014년 인천아시안게임,2014년 09월 16일 ~ 2014년 10월 04일,2014년 07월 11일 ~ 2014년 11월 14일,"예술 > 오락, 스포츠","1,336",537,108,0,"인천아시안게임은 2014년 9월 19일부터 10월 4일까지 16일간 인천광역시 일원에서 열렸으며, 45개국의 13,000여명이 참가하여 우리나라는 금 79개, 은 70개, 동 79개로 중국에 이어 두번째로 많은 메달을 땄다. 또한 북한 선수단은 금 11개, 은 11개, 동 14개로 종합 7위에 올랐으며, 북한 대표단이 아시안게임 폐회식을 참석하기 위하여 방문함으로써 5.24조치 이후 경색된 남북 관계의 개선이 기대되기도 하였다."
2,2014년 동부전선 육군 GOP 소초 총기사고,2014년 06월 21일 ~ 2014년 06월 21일,2014년 07월 01일 ~ 2014년 08월 08일,"사회과학 > 국방, 군사학",220,0,0,0,"2014년 6월21일 토요일 20시15분경, 동부전선인 강원도 고성군 22사단 GOP에서 임모 병장(22)이 수류탄을 터뜨리고 K-2 소총 20여 발을 난사해 5명이 사망하고 7명이 부상당하였다. 이후 임병장은 이후 실탄 60여 발을 들고 탈영하여 도주하였고, 강원도 고성군 금강산콘도 500m 서쪽에서 군과 대치하다 범행 43시간 만에 붙잡혔다. 임병장은 부대에서 집단 따돌림을 받았으며, 순찰일지 뒷면 겉표지에 자신을 희화한 그림을 보고 범행을 결심하게 되었다고 주장하였으나 재판시 받아들여지지 않았다. 국방부 고등군사법원은 임 병장에 대한 항소심 선거공판에서도 1심과 동일하게 사형을 선고하였다. 임병장에 대한 군사재판은 모두 사형으로 마무리되어 임병장이 상고할 경우 최종 판단은 민간 법정인 대법원에서 진행될 것으로 보인다."
3,2014년 6.4 지방선거,2014년 06월 04일 ~ 2014년 06월 04일,2014년 05월 30일 ~ 2014년 07월 04일,사회과학 > 정치학,"2,663",0,7,0,"2014년 6월 4일 민선 6기를 이끌 지방자치단체장과 지방의원, 교육감 등을 선출하는 지방선거가 실시되어 시도지사 17명, 구시군의장 226명 등 총 3,952명을 선출하였다."
4,광복 70주년,2015년 08월 15일 ~ 2015년 08월 15일,2015년 06월 11일 ~ 2015년 08월 14일,역사 > 아시아,1,92,8,4,"정부는 광복70주년을 맞이하여 축하 분위기 확산과 내수경기 진작을 위하여 2015년 8월 14일을 임시공휴일로 지정하였다. 서울을 비롯하여 전국 곳곳에서 광복 70주년을 축하하는 다채로운 행사가 열렸으며, 광복절 연휴기간 동안 자치단체 공공시설 무료 개방을 추진하였다."
5,2015년 DMZ 목함지뢰폭발사고부터 남북당국자회담까지,2015년 08월 04일 ~ 2015년 08월 24일,2015년 09월 02일 ~ 2015년 09월 07일,사회과학 > 정치학,193,47,0,3,2015년 7월 26일부터 8월 1일 사이에 북한군이 군사분계선(DML)에 매설한 것으로 보이는 목함지뢰가 폭발하여 그 해 8월 4일 서부전선 DMZ에서 수색작업을 벌이던 우리 장병 2명이 심각한 부상을 당하였다. 이에 우리 군은 8월 10일 17시 이후 응징차원에서 군사분계선 일대 대북 확성기 방송을 부분적으로 시행하는 등 남북간 군사적 긴장 상태가 고조되었다.
6,2015년 제20차 이산가족상봉,2015년 10월 20일 ~ 2015년 10월 26일,2015년 08월 31일 ~ 2015년 10월 21일,사회과학 > 정치학,77,14,0,1,"2015년 8월25일 판문점 남북 고위 당국자 접촉에서 추석을 계기로 이산가족 상봉으로 진행하기로 하였고, 제20차 이산가족상봉이 10월20일부터 10월26일 2박3일 동안 북한 금강산면회소에서 열렸다. 1차, 2차로 나누어 진행되었으며, 8월 20일부터 진행된 1차 상봉에서는 북측에서 선정한 96가족, 141명이 남측 가족 389명을 만났고, 8월 24일부터 진행된 2차 상봉에서는 남측에서 상봉을 신청한 90가족, 254명이 북측 가족 188명을 만났다."
7,2011년 외규장각 의궤의 귀환,2011년 05월 27일,2016년 08월 19일 ~ 2016년 08월 19일,문화유산,27,3,1,0,"의궤(儀軌)는 조선시대에 국가나 왕실의 중요한 의식과 행사를 개최한 후 그 전 과정을 기록한 보고서로써 국가나 왕실의 주요 행사의 준비와 진행과정, 의례내용, 소요 경비, 참가 인원, 포상 내용 등을 상세하게 기록되어 있어 조선의 통치 철학과 운영체계를 엿볼 수 있다. 외규장각은 1782년 (정조 6) 규장각 보관 자료 중에서 왕실의 주요 물품과 도서를 보관하기 위하여 강화도 행궁(行宮)에 건립되었고, 이 때 창덕궁 내 규장각에 보관해 왔던 왕의 열람용으로 제작된 어람용 의궤가 외규장각으로 옮겨졌다. 외규장각 의궤는 대부분 국왕의 열람용으로 제작되어진 어람용 의궤이기에 실무관청에서 보관하고 참고하는 용도로 만들어진 분상용 의궤에 비해 종이나 표지, 안료의 재질, 장정 방법, 서체와 필사, 그림의 수준 등 그 형태와 재질, 제작 기법이 매우 뛰어나 조선시대 당대의 최고의 도서 수준과 예술적 품격을 느낄 수 있는 문화재로서의 가치도 매우 우수하다.
1866년(고종 3)에 병인박해를 구실로 이 해 10월 11일 로즈 제독이 이끄는 프랑스 함대가 강화도를 침입하는 병인양요가 발발하게 되었다. 프랑스군은 조선군에게 패배하여 퇴각하면서 은괴가 든 상자 19개와 함께 외규장각에 보관되어 있던 의궤를 비롯한 340책의 서적과 왕실 자료를 약탈하였고, 강화부의 행궁, 관아, 외규장각 건물에 불을 지르고 강화도에서 철수하였다. 약탈된 외규장각 자료들은 로즈 제독이 프랑스 국왕과 상관에게 기증하였고, 그 중 외규장각 의궤는 프랑스국립도서관으로 보내졌다.
1975년 프랑스국립도서관에서 직원으로 일하던 고 박병선 박사는 중국도서로 분류되어 외규장각 도서 191종 297책을 발견하여 세상에 그 존재를 처음으로 알렸다. 1991년 서울대를 중심으로 외규장각 도서 반환 운동을 펼치기 시작하여 1992년 11월 한국 정부는 프랑스에 공식 반환을 요청하게 된다. 1993년 한국 고속철도건설사업권을 놓고 프랑스, 일본, 독일이 경쟁하자 당시 미테랑 대통령은 외규장각 도서의 반환을 약속했고 이에 힘입어 고속철도 사업자는 프랑스로 결정되었다. 그러나 프랑스 국립도서관 사서들의 반대에 부딪혀 반환약속은 지켜지지 않았다. 2000년 2001년까지 외규장각 도서를 반환한다는 합의가 도출되었으나, 외규장각 도서에 상응하는 고문서를 프랑스에 제공한다는 맞교환 조항으로 학계의 거센 비판을 받게 되자, 우리나라 정부는 합의를 철회하였다. 2007년 한국의 시민단체는 프랑스 정부를 상대로 외규장각 도서 반환에 대한 행정소송을 제기하게 되고, 이에 2009년 파리행정법원은 약탈은 인정하나, 외규장각 도서가 국립도서관에 보관된 ‘국유재산’이기 때문에 돌려줄 수 없다며 반환 소송을 기각하였다.
2010년 한국과 프랑스의 정상 회담에서 이명박 대통령과 사르코지 대통령은 “프랑스가 보관 중인 외규장각 도서를 ’5년 단위 갱신 가능한 대여’ 방식으로 한국에 반환한다.""라는 내용으로 합의했다.
2011년 5월 27일 외규장각 의궤 297책은 ‘영구 임대’ 형식으로 145년 만에 귀환하게 되었다."
8,2015년 한일 일본군 '위안부' 합의,2015년 12월 28일,2016년 01월 19일 ~ 2016년 05월 19일,사회과학 > 정치학,"1,393",33,19,0,"2015년 12월 28일 한국과 일본 정부는 한·일 외교장관회담 공동기자회견을 통해 일본군 위안부 피해자 문제의 해결 방안에 합의하였음을 발표하였다. 일본 기사다 외무상은 발표문을 통해 아베 내각총리대신은 일본국 내각총리대신으로서 마음으로부터 사죄와 반성의 마음을 표명하며, 한국 정부가 위안부 지원을 목적으로 하는 재단을 설립하고, 이에 일본 정부 예산으로 10억엔을 출연하며, 양국 정부가 협력하여 위안부의 명예와 존엄의 회복 및 마음의 상처 치유를 위한 사업을 행하기로 하였다. 한일 양국은 합의 사항 이행을 전제로, 동 문제가 최종적 및 불가역적으로 해결될 것임을 확인한다고 밝혔다."
9,2016년 이세돌-구글 알파고 대국,2016년 03월 09일 ~ 2016년 03월 15일,2016년 07월 12일 ~ 2016년 07월 12일,총류 > 총류,97,6,0,0,"인공지능을 개발하던 기업인 딥마인드(Deepmind)는 2014년 구글에 인수되었다. 구글은 ‘알파벳’이라는 지주회사를 설립하고 연구분야에 맞춰 별도의 독립법인을 세우면서 딥마인드는 ‘구글딥마인드’라는 이름의 별도의 회사가 되었다. 딥마인드는 비디오게임과 바둑과 같은 창의적인 게임을 할 수 있는 인공지능 개발에 나섰고, DQN(deepQ-network)과 알파고를 개발했다. 알파고(AlphaGo)는 구글의 지주회사이름인 ‘알파벳’에 바둑을 의미하는 영어단어 ‘고(go)’를 더해 만든 이름으로 인공지능 바둑프로그램이다.
알파고는 딥 러닝으로 최적의 수를 찾아 두므로 다른 바둑 프로그램과 벌인 대결에서 승률 99.8%를 기록하며 모두 승리하였다. 2015년 10월 알파고는 유럽 바둑 챔피언이자 중국 프로 바둑기사인 판후이 2단과의 공식 대결하면서 5번 모두 승리하였다. 이는 인공지능(AI)가 프로 바둑기사와 겨룬 바둑대결에서 사상 최초로 완승을 거둔 것이었다.
구글 딥마인드는 ‘구글 딥마인드 챌린지 매치(Google Deepmind Challenge match)’를 주최하여 이세돌 9단에게 도전하였다. 알파고와 이세돌 9단과의 대결은 5판 중 3판을 이기는 쪽이 우승 상금 100만 달러(고정환율 11억)을 받게 되어 있었으며, 이세돌 9단은 5판을 치르는 조건으로 15만 달러(고정환율 1억 6천500만원)의 대국료를 받기로 하였다. 알파고는 이세돌 9단과의 대국을 4대 1의 승리로 끝냈다. 이세돌 9단은 4국에서 알파고의 ‘버그’을 이끌어 내며 처음으로 승리하였으나 5국 마지막 대결에서는 아쉽게 역전패하고 말았다.
이로써 우승상금 100만 달러는 알파고가 받게 되었으며, 알파고를 개발한 구글 딥마인드는 이 상금을 유니세프와 STEM(과학, 기술, 공학, 수학) 교육 및 바둑 관련 자선단체에 기부하기로 하였다.

<출처>
- [알파고: 진화의 시작] 알파고는 '누구'인가?.강일용, iT dongA, 2016.03.10
- 프로 바둑기사 이긴 구글 인공지능 ‘알파고’ 승리 비결은?. 동아사이언스, 2016.01.28
- 이세돌 또 불계패로 3연패…인공지능에 무너진 4천년 바둑(3보), 김태균∙최인영∙차병섭, 연합뉴스, 2016.03.12
- 이세돌, 5시간 접전 끝 패배…세기의 대국 1승4패로 마감(종합2보). 최인영∙윤보람∙차병섭, 연합뉴스, 2016.03.15
- [인간 대 AI]알파고 어떻게 생겼나. 장윤희, Newsis, 2016.03.10"
10,위기의 조선업,2016년 11월 01일 ~ 2048년 01월 31일,2016년 07월 15일 ~ 2016년 08월 11일,사회과학 > 경제학,353,364,12,0,"2000년대 들어 세계 경제는 중국 경제의 팽창과 미국 경제 회복으로 무역량이 크게 증가하였고, 이에 따라 선박수요 또한 급증하게 되어 조선산업은 역사상 최고의 호황을 맞이하였다. 한국은 2003년부터 2006년까지 일본을 제치고 세계 최대 수주국가가 되었지만, 2007년 저가 선박을 앞세운 중국에 선두를 내주게 되었다.
2007년 미국의 서브프라임 모기지 사태가 원인이 된 리먼 브라더스 파산은 2008년 세계 금융 위기를 불러 왔으며, 세계무역량은 크게 감소되고 세계경기는 침체에 빠지게 되었다. 상선 발주도 급감하게 되어 우리나라 중소형 조선업체인 C&중공업, 녹봉조선, YS중공업, 광성조선, 일흥조선, 영광TKS세광중공업, 삼호조선 등이 매각되거나 청산되었다. 또한 2011년 진세조선, 2015년 신아sb 조선이 파산하였으며 2016년 8월 현재, STX조선, 성동조선해양은 법정관리 중이며, SPP조선은 매각절차를 밟고 있다.
2011년 이후 배럴당 100달러 이상의 고유가가 지속되자 메이저 석유회사들은 심해 유전 개발에 뛰어 들어 석유와 가스 등 해양자원을 시추할 수 있는 해양플랜트 공사를 대거 발주하였다. 심각한 위기에 직면해 있던 국내 중소형 조선업체와 달리 국내 빅3 인 현대중공업과 대우, 삼성과 같은 대형 조선업체는 해양플랜드에서 잇달아 수주하면서 위기를 모면할 수 있었고, 2009년 이후 위기에 처한 중소 조선업체에서 쏟아져 나오는 인력을 하청으로 흡수하였다.
2014년 미국이 셰일가스의 생산량을 늘리고 원유수출 금지 조항을 해제하기로 하기로 하면서 LNG선의 발주가 늘었고, 삼성중공업과 현대중공업은 수주하게 되었다. 그러나 2014년 11월 석유수출국기구(OPEC)은 셰일가스와 원유 간의 에너지 시장 주도권을 지키기 위하여 원유 감산을 거부하였다. 이때부터 세계 경기 둔화되면서 원유 공급과잉으로 유가는 추락하였다.
2016년 2월 국제유가는 배럴당 20달러 선까지 하락하였다. 메이저 석유회사는 저유가가 지속되자 해양플랜트 사업을 취소하기 시작하였고, 대형조선업체인 현대중공업과 대우해양조선 그리고 삼성중공업도 타격을 입게 되었다.
국내 조선업체는 2008년 세계 금융 위기로 한 차례 어려움을 겪으면서 감가상각 주기에 따라 수요가 발생할 수 있는 상선보다는 유가에 따라 유동적이지만 고부가가치 사업인 해양플랜트 부문에 집중하여 위기를 돌파하고자 하였다. 그러나 국내 대형조선업체인 3사의 과다 경쟁에 따른 저가수주, 적정 생산 능력보다 150% 정도 많은 과잉 수주, 그리고 해양플랜트 기술이 부족함에도 설계부터 시공까지 다 하는 턴키 방식으로 인한 공기지연과 이에 따른 추가 비용 상승, 이와 더불어 해양플랜트 발주사의 인도지연 및 취소와 경영진의 오판과 과욕이 복합적으로 작용하면서 조선업의 위기는 가중되었다.

<피해수습>
2016년 5월 16일 조선업의 구조조정이 본격화하면 하청기업을 포함하여 최대 5만 명의 실업자가 발생할 수도 있다는 분석이 나오는 등 조선업의 불황으로 대규모 인력구조조정이 예상되자, 정부는 2016년 6월 30일 조선업을 특별고용지원업종으로 지정하여 실직 근로자에 대한 생계안정, 고용 유지 지원을 강화하고자 하였으며, 현대중공업과 삼성중공업, 대우조선해양은 이 대상에 포함되지 않았다.

<출처>
- [위기의 조선업①]수주절벽 암담…올 선박수주량 전년比 16% 감소 전망). 정필재, Newsis, 2016.05.01
- [위기의 조선업②]韓조선업 왜 망가졌나…중국특수에 취하고, 해양플랜트에 발목. 정필재, Newsis , 2016.05.01
- [위기의 조선업③]韓조선업 미래 생존비법은?…""빅3, 1~2개로 합쳐야"" vs ""몸집 줄여 버텨야"". 정필재, Newsis, 2016.05.01
- 세계 1위 한국 조선, 정말 위기인가?. 정웅재, 민중의소리, 2016.05.04
- [탐사플러스] 조선업 침몰, 외부 요인 외 내부 '구멍'도. 김태영, JTBC, 2016.05.09
- 조선업 몰락이 말하는 진실 “대마불사·속도전 그만” 박은하, 경향비즈
- 조선업 위기는 ‘하청, 해양플랜트 위주 성장의 위기’, 이정호, 뉴스타파. 2015.12.23
- 조선업 부진의 원인과 전망. 김창완, 리서치미디어스, 2015.09.08
- 조선업 불황 거제시 ""해양플랜트 산단 추진이 돌파구"". 이경욱, 연합뉴스,2016.05.26
- “세일가스의 배신”...조선업 위기의 출발은 美-OPEC 싸움. 강기준, 머니투데이, 2016.05.23
- 고용부, 조선업 특별고용지원업종 지정에서 ‘빅3’ 제외. 김문관, 조선비즈, 2016.06.30
- 정부, 조선업 특별고용지원업종 지정…대형 3사는 제외. 박영미, Newsis, 2016.06.30"
11,2016년 고고도미사일방어체계(사드•THAAD)의 한반도 배치 결정,2016년 07월 08일,2016년 07월 14일 ~ 2016년 07월 22일,사회과학 > 정치학,519,67,26,0,"한반도 사드배치에 대한 언급은 2011년 당시 주한미군사령관이 미 의회 청문회에서 주한미군에 사드를 배치할 필요가 있다고 함에 따라 시작되었으며, 2014년 9월에는 미국이 사드의 한국 배치 가능성을 타진하기 위해 부지 및 군사적 영향 등에 대한 현장 조사를 마쳤다고 알려졌다. 2014년 9월 30일(현지 시각) 로버트 워크 미국 국방부 부장관은 미국외교협회(CFR) 주최 간담회에서 사드 포대를 한국에 배치하는 것도 고려하고 있고, 사드 배치가 맞는 일인지를 결정하기 위해 한국 정부와 협의하고 있다고 말했으나 우리 국방부 관계자는 부인하였다."
12,제 20대 국회의원선거,2016년 04월 13일 ~ 2016년 04월 13일,2016년 03월 21일 ~ 2016년 05월 10일,사회과학 > 정치학,355,881,407,0,"<출처>
- 중앙선거관리위원회 (http://info.nec.go.kr/)
- <이슈> 2016 4.13 총선, 경향신문 ( http://vote2016.khan.co.kr/)
- <특집> 2016 국민의 선택, SBS뉴스
- Daum 뉴스 x SBS 2016 국민의 선택 4.13총선(http://media.daum.net/m/election/2016/0413/)
- 중앙선거관리위원회 블로그 “정정당당스토리”(http://blog.nec.go.kr/220729889343)
- NAVER뉴스 ‘2016 제20대 국회의원선거“"
13,가습기 살균제 사건,2001년 01월 01일,2016년 05월 26일 ~ 2017년 07월 12일,"사회과학 > 사회학, 사회문제","1,063",395,49,24,"- 가습기 살균제 건강피해 사건 백서: 사건인지부터 피해 1차 판정까지, 보건복지부 질병관리본부 폐손상조사위원회, 2014.12"
14,2016년 북한 장거리로켓(미사일) 발사에서 개성공단 전면중단까지,2016년 02월 07일 ~ 2016년 12월 10일,2016년 11월 10일 ~ 2016년 12월 10일,사회과학 > 정치학,"1,253",86,1,0,"2016년 2월 7일 오전 9시30분(평양시간 9시) 북한이 7일 오전 9시30분(평양시간 9시)께 전격적으로 평안북도 철산군 동창리에서 장거리 로켓(미사일), 일명 ‘광명성’을 발사했다. 북한 국가우주개발국은 이날 ""새로 연구개발한 지구관측위성 광명성 4호를 궤도에 진입시키는 데 완전 성공 했다""고 발표했으며, 우리 군도 북한이 발사한 장거리 미사일에 탑재된 위성체가 궤도에 진입한 것으로 평가했다. 북한은 장거리 미사일 발사를 인공위성 발사라고 주장했지만, 한국과 미국, 일본은 이를 대륙간탄도미사일(ICBM) 시험발사로 규정, 강력히 규탄했다."
15,2016년 리우데자네이루 하계올림픽(제31회 리우하계올림픽),2016년 08월 05일 ~ 2016년 08월 21일,2016년 07월 26일 ~ 2016년 08월 26일,"예술 > 오락, 스포츠","1,171",10,361,0,"2016년 8월 5일부터 8월 21일까지 개최된 2016 리우데자네이루 하계 올림픽(이하 ‘리우올림픽’)은 IOC출범 122년 만에 처음으로 남아메리카 대륙에서 열린 올림픽이었다. ‘새로운 세상(New World)’을 슬로건으로 한 리우올림픽은 역대 최다인 206개국, 10,903명의 선수가 참가하여 총 28종목의 금메달 306개를 놓고 치열한 승부를 전개했다. 리우 올림픽은 올림픽 역사상 처음으로 내전으로 나라를 잃은 10명의 선수(남수단 5명, 시리아 2명, 콩고민주공화국 2명, 에티오피아 1명)가 난민대표팀(Team Refugee Olympic Athletes)으로 출전하였다.
우리나라는 임원 129명, 선수 204명이 참가하여, 골프, 근대5종, 다이빙, 레슬링 등의 25개 종목에 출전하였고, 총 21개(금 9, 은 3, 동 9)의 메달을 획득하였다."
16,2016년 리우데자네이루 페럴림픽(제15회 리우패럴림픽),2016년 09월 05일 ~ 2016년 09월 18일,2016년 09월 05일 ~ 2016년 09월 30일,"예술 > 오락, 스포츠",165,6,0,1,"패럴림픽(Paralympic Games)은 신체적 장애가 있는 선수들이 참가하는 국제 스포츠대회로써 2016년 리우 패럴림픽은 2016년 9월 7일부터 9월 18일까지 12일 동안 브라질 리우데자네이루에서 개최되었다. 남미 최초의 패럴림픽에는 160개국 4,461명 선수들이 출전, 22개 종목에서 총 528개의 금메달을 놓고 각축을 벌였다.
우리나라는 양궁, 육상, 보치아, 사이클, 유도, 역도, 조정, 사격, 수영, 탁구, 휠체어테니스등 11개 종목에 참가하였다. 참가인원은 선수 81명, 임원58명으로 총 139명이었다. 대한민국 선수단은 금메달 7개, 은메달 11개, 동메달 17개로 총35개의 메달을 획득하여 종합순위 20위를 기록했다."
17,2016년 제97회 전국체육대회,2016년 11월 10일,2016년 11월 10일 ~ 2016년 12월 10일,전국체전,44,1,0,0,"제97회 전국체육대회는 2016년 10월 7일부터 10월13일 까지 7일 동안 아산시 등 15개 시, 군 등의 충남도 일원에서 분산 개최되었다.
‘품어라 행복충남, 뛰어라 대한민국’이라는 구호로 진행된 이번 대회는 17개 시도에서 출전한 고등부, 대학부, 일반부 소속의 24,811명의 선수를 포함한 임원, 심판, 운영요원 등 총 32,000명이 참가하였다. 경기는 45개 정식 종목과 2개 시범 종목(택견, 수상스키)으로 진행되었으며, 개회식은 2016년 10월 7일 16시부터 아산시 이순신종합운동장에서 열렸다. 15개 시·군 640명의 대표 주자들에 의해 952.5 km의 대장정을 거친 성화는 전 골프선수이자, 2016 리우하계올림픽의 대한민국 여자골프 국가대표팀 감독인 박세리가 최종 점화를 맡았다.
이번 대회에서는 한국 신기록 23개, 한국주니어신기록 7개, 대회신기록 104개를 기록되었으며, 금메달 145개, 은메달 133개, 동메달 126개를 획득한 경기도가 종합 우승을 차지했다."
18,2015년 10대 뉴스,2015년 01월 01일 ~ 2015년 12월 31일,2016년 01월 07일 ~ 2016년 01월 19일,"총류 > 신문, 저널리즘",295,29,1,1,"매년 연말이 되면 주요 언론 및 정부기관, 지방자치단체, 각종 단체에서는 한 해를 정리하는 의미에서 국내외 사건, 인물을 비롯한 각 분야에서의 이슈가 되었던 뉴스를 선정하여 10대 뉴스로 발표하였다. 국내 주요 언론사에서 선정한 2015년 국내 10대 뉴스에는 메르스, 역사교과서의 국정화, 헌법재판소의 간통죄 위헌 결정, 성완종 리스트 등이 공통적으로 포함되었다.

<출처>
- 2015 10대 뉴스·인물, 최희진, 김경학, 유희곤, 구교형, 조미덥, 김여란, 임아영, 선명수,허남설, 경향신문 2015.12.20.
- 2015 포커스뉴스 정치 10대 뉴스, 포커스뉴스 2015.12.30."
19,2016년 국제회의 및 컨퍼런스,2016년 01월 01일 ~ 2016년 12월 31일,2016년 05월 04일 ~ 2016년 05월 16일,"총류 > 일반 학회, 단체, 협회, 기관, 연구기관",23,29,8,0,"국내에서 개최되는 국제 회의, 국제 학술회의, 국제 포럼, 국제 심포지움, 세미나 등에 관한 사이트를 수집하여 제공한다."
20,만화에서 웹툰까지,2016년 01월 01일,2016년 09월 09일 ~ 2016년 09월 30일,"예술 > 회화, 도화, 디자인",915,25,98,0,"근대 한국만화의 효시는 1909년 대한민보 창간호에 실린 이도영 화백의 시사만화이며, 1924년부터 조선일보에 연재된 노수현의 ‘멍텅구리 헛물켜기’는 서양의 신문연재만화의 컨벤션을 받아들인 최초의 작품이었다. 1945년 해방 이후에는 시사만화, 어린이만화, 만화잡지 등이 본격적으로 생겨났으며, 1948년 9월 15일 우리나라 최초의 만화잡지인 '만화행진'이 창간한다.
1950년대 후반, 만화를 저가로 빌려주는 만화방이 등장하게 하는데, 이 시기에 한국만화는 전통적 사극, 괴담만화, SF만화, 모험만화, 검술만화, 명량만화 등 다양한 장르로 분화되었다. 1961년 5·16 군사정변 이후 시작된 사전검열제도와 1966년 합동출판사의 독점체계는 만화시장을 위축시켰고, 만화는 명량만화와 성인만화라는 2가지 양상으로 발전하였다. 1960년~1970년대 박정희 정부는 만화를 밀수, 탈세, 도박, 마약, 폭력과 더불어 사회 6대악의 하나로 규정하였다. 이에 따라 만화는 사전검열과 심의를 받게 되었고, ‘만화 안보기 운동’과 ‘만화 불태우기 행사’가 열리기도 했다. 1980년부터 1990년대는 이현세의 공포의 외인구단으로 장편 서사만화의 붐이 일어난다. 이 시기에는 만화만을 수록하는 월간지 보물섬이 1982년 창간되었으며, 1988년에는 주간지 아이큐점프, 1991년 소년챔프가 창간된다. 아이큐점프와 소년챔프는 연재된 만화가 연재 종료 되면 단행본으로 출판하고, 인기투표로 순위집계하며 기자와 작품을 관리하는 일본식 만화시스템을 도입하였다. 일본식 만화시스템의 도입으로 주간 소년만화잡지를 축으로 잡지의 연령별 분화가 이루어졌다. 1990년 무한 경쟁하던 스포츠 신문 3사는 이름 있는 중견 만화가의 만화를 연재하게 되고 사람들은 신문으로 만화를 쉽게 접할 수 있게 된다. 1997년 11월에 터진 IMF로 그 동안의 왜곡된 시장에 적용된 일본식 만화시스템의 모순도 그대로 드러나게 되었으나 만화 연출기술도 발전하여 3차원을 보다 효과적으로 표현할 수 있는 다양한 쇼트와 앵글로 시도되었다. 칸과 칸의 연출을 통한 화면연출의 기법도 다양해졌으며 지면의 양도 늘어나 이야기 보다는 이미지를 중시하는 만화가 늘어났다. 만화는 다른 매체보다 가장 빠르게 디지털시대와 이미지 시대에 적응하게 되는데 90년대 후반부터 한국만화는 디지털 환경에 적응하며 인터넷을 기반으로 한 인기 만화가 등장한다.
웹툰은 인터넷을 뜻하는 웹(web)과 만화를 의미하는 카툰(cartoon)이 합쳐진 신조어로써 웹사이트에 게재된 세로로 긴 이미지 파일 형식의 만화를 뜻한다. 웹툰이 현재의 형식으로 자리 잡게 된 것에는 만화를 그리는 개인 블로거의 힘이 컸다. 이들은 자신의 홈페이지에 다이어리 형식의 웹툰을 연재하여 큰 인기를 끌었는데 <스노우캣>, <마린 블루스>, <파페포포 메모리즈> 등의 대표적인 작품이라고 할 수 있다. 포털 사이트 다음(Daum)이 2003년 <만화 속 세상>이라는 웹툰 연재 서비스를 개설한 것을 시작으로 대형 포털 사이트들이 웹툰 시장에 본격적으로 뛰어들게 되고, 웹툰은 또 다른 변화를 맞이하며 진화하게 되었다. 무선 인터넷이 되는 스마트폰이 활성화되면서 웹툰을 둘러싼 환경이 급격하게 변하기 시작하였고 웹툰이 흥행할 수 있게 되었다."
21,2016년 북한 4차 핵실험,2016년 01월 06일,2016년 01월 11일 ~ 2016년 01월 19일,사회과학 > 정치학,372,52,0,0,"2016년 1월 6일 북한은 수소폭탄 시험(4차 핵실험)에 성공했다고 밝혔다. 이에 대한민국 정부는 북한이 핵실험에 상응한 대가를 치르도록 동맹국과 긴밀히 협력해 안보리 차원의 추가제재 조치를 포함한 모든 조치를 하겠다고 밝혔다. 1월 7일 정부는 북한의 4차 핵실험을 비정상적 사태로 규정하고, 국제사회에 대한 약속과 의무를 정면으로 위배하였으며, 2015년 ‘8·25 남북합의’에 대한 중대한 위반이므로 1월 8일 정오부터 대북 확성기 방송을 전면 재기하기로 결정하였다고 발표하였다. 대북 확성기 방송은 비정상적인 사태가 발생하지 않는 한 군사분계선 일대의 모든 확성기 방송은 중단하기로 명시된 2015년 ‘8·25 남북합의’에 따라 중단되었다가 5개월 만에 다시 재개되었다."
22,"2017년 정유년, 새롭게 달라지는 제도",2017년 01월 01일,2017년 01월 05일 ~ 2017년 01월 09일,"사회과학 > 사회학, 사회문제",55,64,5,0,"2017년 정유년, 경제, 지방세제도, 부동산제도, 공무원 채용제도, 육아, 보육 정책, 스포츠 등 분야별로 바뀌는 제도들에 대해 수집한 사이트를 제공한다."
23,2018년 평창 동계올림픽대회,2018년 02월 09일 ~ 2018년 02월 25일,2007년 03월 20일 ~ 2018년 02월 25일,"예술 > 오락, 스포츠","1,067",135,181,8,2018 평창 동계올림픽 : 1988년 서울 올림픽 이후 30년 만에 평창에서 개최하는 제 23회 동계 올림픽
24,국립중앙도서관 운영 사이트,2017년 04월 11일,2017년 04월 11일 ~ 2017년 05월 11일,총류 > 문헌정보학,163,0,0,0,국립중앙도서관 운영 사이트 모음
25,2017년 국민이 뽑은 정부혁신 행정서비스 30선,2017년 04월 05일 ~ 2017년 04월 05일,2017년 04월 20일 ~ 2017년 04월 20일,사회과학 > 행정학,15,186,0,0,"2017년 4월 5일 행정자치부(장관 홍윤식)는 국민이 가장 사랑하는 대표적인 정부혁신 행정서비스 30선을 발표했다. 정부혁신 행정서비스 30선이란 국민의 삶을 더욱 편리하고 안락하게 만드는 데 기여한 정부의 혁신행정서비스 중 국민의 선택을 받은 30개의 서비스를 말한다. 전 행정기관(중앙부처‧자치단체‧교육청)과 공공기관이 제출한 대표적 정부혁신(정부3.0) 사례 670여 건을 대상으로 2017년 3월 15일부터 2017년 3월 28일 동안 전문가 심사와 국민투표(공식 누리집(govbrand30.kr)활용)를 병행하여 조사가 실시되었으며, 총 1만7천여 명이 조사에 참여하였다.

국민이 뽑은 정부혁신 행정서비스 30선은 브랜드 명 가나다순으로 다음과 같다.
<개인투약이력조회서비스, 고용복지센터, 공공데이터 포털, 긴급신고전화(112,119) 통합서비스, 농촌형 교통 선도모델 : 청송군 농어촌버스 미운행마을 「천원택시, 대한민국 구석구석, 드론을 활용한 산림재해 현장대응 강화, 마을변호사 제도, 문서 24, 민원24 ‘나의 생활정보’서비스, 보이스피싱 지킴이 “그놈목소리”, 서민자녀 생애주기별 맞춤형 교육지원 서비스, 서울시 심야콜버스, 성범죄자 알림e, 스마트119 상황관제시스템, 신고서미리채움(Pre-filled)서비스 : 연말정산 포함, 안전신문고, 운전면허 신체검사 간소화 서비스, 워크넷, 원문정보공개, 유실물정보 통합시스템 ‘Lost112’, 일사편리 : 부동산 행정정보 일원화, 정보3.0 수입물품 안전관리 협업검사, 정부3.0 안심상속 원스톱서비스, 정부3.0 행복출산 원스톱서비스, 취약계층 요금감면 원스톱서비스, 취업맞춤형 특기병제도, 통계로 찾은 ‘살고 싶은 우리동네’, 통합 연금포털, 화학재난합도방제센터>"
26,2015년 역사 교과서 국정화,2015년 10월 12일 ~ 2017년 05월 31일,2017년 05월 29일 ~ 2017년 06월 01일,역사 > 아시아,300,68,48,15,"2015년 10월 12일, 교육부는 2017년부터 중·고교 한국사(역사)교과서를 국정으로 발행한다고 공식 발표했다. 이어 11월 3일 현행 검정 체제에서 국정으로 바꾸는 ‘교과용 도서 구분안’을 확정 고시했다. 교육부는 국사편찬위원회를 편찬 기관으로 지정하고, 2015년 11월부터 1년간 교과서 제작에 들어가기로 계획했다."
27,2017년 19대 대통령 선거,2017년 05월 09일 ~ 2017년 05월 09일,2017년 02월 20일 ~ 2017년 05월 24일,사회과학 > 정치학,"1,646",238,582,35,임기가 2017년 5월 10일부터 2022년 5월 9일까지인 대한민국 제19대 대통령을 선출하는 대통령 선거가 2017년 5월 9일 화요일 실시되었다.
28,2016년 강남역 살인사건,2016년 05월 17일 ~ 2016년 05월 17일,2017년 06월 20일 ~ 2017년 07월 05일,"사회과학 > 사회학, 사회문제",342,13,20,1,"2016년 5월 17일 새벽 1시, 강남역 인근 상가 남녀공용화장실에서 20대 여성이 30대 남성 에게 흉기로 수차례 찔려 사망했다. 피해자의 지인이 피해자가 화장실에서 돌아오지 않자 화장실로 들어가 살해당한 피해자를 1시 25분경 발견하여 경찰에 신고했고 경찰은 오전 10시경 흉기를 소지한 피의자 김씨를 검거했다."
29,2017년 국제회의 및 컨퍼런스,2017년 01월 01일 ~ 2017년 12월 31일,2017년 10월 20일 ~ 2017년 11월 19일,"총류 > 일반 학회, 단체, 협회, 기관, 연구기관",122,76,14,3,"국내에서 개최되는 국제회의나 학회나 단체가 개최하는 국제 학술회의, 국제 포럼, 국제 심포지엄, 엑스포, 박람회, 세미나 등을 소개하는 웹사이트와 웹자료를 수집하여 제공한다."
30,2016년 10대 뉴스,2016년 01월 01일 ~ 2016년 12월 31일,2016년 12월 16일 ~ 2016년 12월 30일,"총류 > 신문, 저널리즘",294,14,0,0,"매년 연말이 되면 주요 언론 및 정부기관, 지방자치단체, 각종 단체에서는 한 해를 정리하는 의미에서 국내외 사건, 인물을 비롯한 각 분야에서의 화제가 되었던 뉴스를 선정하여 10대 뉴스로 발표하였다. 2016년 언론이 뽑은 국내 10대 뉴스에는 최순실 국정농단 파문과 박근혜 대통령 탄핵, 촛불집회, 경주 지진, 4.13 총선, 김영란법 시행, 조선업 구조조정, 알파고-이세돌 대국, 사드 배치, 강남역 살인사건 등의 뉴스가 선정되었다."
31,2017년 김정남 피살사건,2017년 02월 13일 ~ 2017년 02월 13일,2017년 02월 20일 ~ 2017년 05월 22일,사회과학 > 정치학,91,13,22,10,"2017년 2월 13일 오전 9시경(현지시간), 故 김정일 북한 국방위원장의 장남이자 현 김정은 북한 노동당 위원장의 이복형 김정남 씨가 말레이시아의 쿠알라룸푸르 국제공항에서 여성 2명에 의해 피살된 사건이다. 김정남은 극심한 어지럼증과 두통을 호소하며 안내 데스크에 도움을 요청했으나 곧이어 도착한 구급차에 실려 병원으로 가던 중 사망했다. 용의자 여성들은 김정남을 공격한 뒤 택시를 타고 도주했으나, 말레이시아 경찰은 사건 발생 3일째인 2월 15일 베트남 출신 도안 티 흐엉과 말레이시아 음식 공급자인 무하메드 잘라루딘을 체포했으며, 16일에는 인도네시아 출신의 시티 아이샤를 검거했다. 특히 2월 17일에는 쿠알라룸푸르 인근 아파트에 숨어 있던 사건 용의자인 북한 국적의 리정철을 체포했다."
32,2017년 북한 6차 핵실험,2017년 09월 03일 ~ 2017년 09월 03일,2017년 09월 11일 ~ 2017년 09월 29일,사회과학 > 정치학,111,9,9,0,"2017년 9월 3일 북한은 6차 핵실험을 단행하고 오후 3시 30분, 북한의 조선중앙티브이 매체를 통해 ICBM 장착용 수소탄 시험에 성공했다고 밝혔다. 기상청은 북한 함경북도 길주군 풍계리 인근지역에서 낮 12시 29분께 대규모 폭발에 의한 인공지진으로 추정되는 5.7 규모의 진동이 감지됐다며 북한의 핵실험 사실을 확인했다. 기상청은 이번 북한 핵실험의 규모가 최소 TNT 환산량 50kt이라고 추정했고, 외신들은 미국 지질조사국의 발표를 인용해 100kt 정도로 추정했다."
33,2017년 반핵·탈핵 운동,2017년 06월 19일,2017년 07월 18일 ~ 2017년 09월 29일,사회과학 > 사회과학,470,115,109,6,"1. 개요

반핵 운동(Anti-nuclear movement) 또는 탈핵 운동은 핵에너지의 사용에 반대하는 사회 운동이다. 여기에는 핵무기와 열화우라늄을 이용한 무기, 핵에너지를 이용해 전기와 동력을 생산하는 행위, 방사성 동위원소를 이용하는 행위에 반대하는 것이 포함된다."
34,2017년 푸드 포비아(살충제 계란 파동),2017년 08월 14일,2017년 08월 30일 ~ 2017년 09월 29일,"사회과학 > 사회학, 사회문제",186,12,18,5,"푸드 포비아(Food Phobia)란 일명 먹거리 공포증으로, 해로운 성분으로 오염된 음식에 대한 공포증을 의미한다.

2016년 9월, 4세 유아가 햄버거를 먹고 일명 ‘햄버거병’으로 불리는 용혈성 요독증후군에 걸렸다고 주장하여 논란이 된 사건, 간염 소시지 등 한국 사회에서는 안전을 위협하는 먹거리로 인해 소비자들의 먹거리에 대한 불신이 커지고 불안이 확대되었다.

특히, 살충제 계란 파동은 2017년 7월 유럽에서 살충제 성분인 피프로닐에 오염된 계란과 가공식품이 유통된 사건 이후 8월 국산 계란에서도 유독성 살충제 성분이 검출되면서 큰 파장을 일으켰다.

8월 14일 농림축산식품부가 친환경 산란계 농장을 대상으로 실시한 일제 잔류농약 검사에서 허용 기준(피프로닐 0.02ppm, 비펜트린 0.01ppm)을 초과한 피프로닐과 비펜트린 성분이 검출되었다.(피프로닐 최대 0.0763ppm, 비펜트린 0.0157ppm) 이에 8월 15일부터 전국 모든 산란계 농장의 계란 출하를 전격 중단하고 전수검사한 결과, 1,430곳의 산란계 농장 중 52개(친환경 농가 31개, 일반 농가 21개)에서 피프로닐, 비펜트린, 플루페녹수론 등 유독성 살충제 성분이 검출되었다. 이에 농식품부는 해당 농장의 계란을 전량 폐기하고 8월 18일, 살충제 및 항생제 등 약품 관리 강화, 2019년까지 계란과 닭고기에도 축산물 이력제를 도입하는 등의 내용을 담은 종합대책을 발표했다."
35,2016년 백남기 농민 사망,2016년 09월 25일 ~ 2016년 09월 25일,2017년 08월 07일 ~ 2017년 08월 30일,"사회과학 > 사회학, 사회문제",288,25,25,24,"2015년 11월 14일, 광화문 앞에서 열린 1차 민중총궐기 대회 현장에서 경찰이 쏜 물대포를 맞고 농민 백남기 씨가 쓰러졌다. 백 씨는 박근혜 전 대통령의 공약인 쌀 수매가 인상을 촉구하기 위해 참석하였다가 변을 당하였다. 백남기 농민 가족과 전국농민회총연맹 등은 경찰 과잉진압에 의한 사건으로 보고 당시 경찰청장 등 7명을 살인미수 혐의로 검찰에 고발하였으나 경찰 측은 ‘백 씨가 살수차의 살수에 맞아 외상성 경막하출혈이라는 부상을 입은 것은 인정하지만 불법시위를 진압하기 위한 정당한 직무집행’이라며 사과를 거부하였다. 박근혜 전 대통령 역시 당시 중태였던 백남기 씨에 대한 언급을 피하였고 이에 2015년 11월 24일, ‘생명과 평화의 일꾼 백남기 농민의 쾌유와 국가폭력 규탄 범국민대책위원회’가 발족하였다."
36,2016년 트럼프 미 대통령 당선,2016년 11월 09일 ~ 2016년 11월 09일,2017년 11월 09일 ~ 2017년 09월 06일,사회과학 > 정치학,61,11,3,0,"2016년 11월 9일, 도널드 트럼프가 미국의 제 45대 대통령으로 당선되었다. 공화당 후보로는 28년만에 전국 2,600여 개 카운티에서 총 304명의 선거인단을 확보, 총 득표수 62,979,636표(46.1%)를 기록하며 승리를 거두었다. 경쟁 후보인 민주당의 힐러리 클린턴은 선거인단 227개 확보, 총 득표수 65,844,610표(48.2%)로 득표수에서는 앞섰지만 선거인단에서 뒤쳐져 패배하였다. 자유당 게리 존슨 후보는 3%, 녹색당의 질 스타인 후보는 1%를 득표했다."
37,2017년 고고도미사일방어체계(사드•THAAD) 배치,2017년 04월 26일,2017년 07월 06일 ~ 2017년 09월 29일,사회과학 > 정치학,517,0,0,0,"2016년 9월 30일, 국방부가 주한미군의 사드((THAAD·고고도 미사일 방어 체계) 배치 부지를 경북 성주군 초전면 성주골프장(달마산)으로 확정한 이후로 2017년 4월 26일, 주한미군은 발사대 2기와 X-밴드 레이더를 해당 부지에 전격 배치하였다. 국방부는 이날 ‘고도화되고 있는 북핵미사일 위협에 대비해 사드 체계의 조속한 작전운용 능력을 확보하기 위해 일부 전력을 우선 배치한 것‘이라는 입장을 밝혔다."
38,2018년 평창 동계패럴림픽대회,2018년 03월 09일 ~ 2018년 03월 18일,2018년 02월 09일 ~ 2018년 03월 24일,"예술 > 오락, 스포츠",466,30,77,14,"2018년 평창 동계패럴림픽대회는 대한민국 강원도 평창에서 2018년 3월 9일부터 3월 18일까지 10일간 개최되었다. 1988년 서울 패럴림픽 이후 30년 만에 이루어지는 최초의 동계패럴림픽으로 알파인 스키, 바이애슬론, 크로스컨트리, 스노보드의 4개 설상 종목과 아이스하키, 휠체어 컬링 2개의 빙상 종목의 경기가 열렸다.

- 대회일정: 2018.03.09(금) ~ 18(일)
- 개최지: 대한민국 평창, 강릉, 정선
- 대회규모 : 50개국 1,400여명, 6개 종목
- 2018 대회결과 : 1위 - 미국 (대한민국 - 16위)
- 경기종목 : 알파인 스키, 바이애슬론, 크로스컨트리 스키, 아이스하키, 스보노드, 휠체어컬링"
39,"2018년 황금 개띠 해, 새롭게 달라지는 제도",2018년 01월 01일 ~ 2018년 01월 11일,2018년 01월 02일 ~ 2018년 01월 11일,"사회과학 > 사회학, 사회문제",65,0,0,0,"2018년 황금 개띠 해 무술년에, 지역별, 분야별로 새롭게 바뀌는 제도들에 대해 수집한 웹자원을 제공한다.

무엇보다 올해부터 시간당 최저임금이 2017년 6천470원에서 16.4% 오른 7천530원이 된다. 또한 1월부터 병사 봉급이 병장 기준으로 21만6천 원에서 40만5천700원으로 인상되며, 2018년도 어린이집 누리 과정비 전액 국고로 지원된다.

산림청에서는 수목에 대한 전문화된 진료체계를 구축하기 위해 나무의사만이 나무병원을 설립하여 수목진료를 할 수 있도록 나무의사 자격제도를 도입하기로 했다.

이외에도 유해화학물질 취급시설 가동 중단 신고 의무화되고, 그동안 만 25세 이상의 단독세대주에게만 지원되던 버팀목전세 지원이 19세 이상 청년에게도 허용된다. 기획재정부에서는 이렇듯 2018년 32개 정부부처별로 달라지는 주요 제도 및 법규사항을 12개 분야 239건으로 엮어 책자로 발간했다."
40,2018 남북정상회담,2018년 04월 10일 ~ 2018년 05월 11일,2018년 04월 10일 ~ 2018년 05월 11일,사회과학 > 정치학,"1,582",21,82,49,"문재인 대통령은 2017년 7월 6일 독일 쾨르버재단에서 ‘베를린 구상’을 발표하여 한반도 평화 추구, 항구적 평화체제 구축 등을 포함한 5대 정책 방향을 공개했다. 이를 위해 북한에 이산가족 상봉 재개, 평창 올림픽의 평화적 참여, 적대행위 중단, 남북 당국 간의 대화 재개 등 4대 과제를 제안했다. 이에 북한 김정은 국무위원장이 신년사에서 평창동계올림픽 참가 의사를 밝혔고, 올림픽에서 단일팀이 결성되고 북한 고위급 대표단이 방문하는 등 해빙 분위기가 조성되었다. 2018년 4월 27일 문재인 대통령과 김정은 국무위원장은 판문점에서 만나 남북관계 발전 및 한반도 항구적 평화 구축 문제에 대해 논의하였다. 두 정상은 논의한 내용을 ‘판문점 선언’ 으로 발표하였다. 판문점 선언에는 민족공동행사 추진 및 고위급회담 등 각 분야의 회담 개최, 이산가족 상봉 진행, 경의선과 동해선 철도 연결 및 현대화, 적대행위 중지, 종전선언 추진, 완전한 비핵화 등의 내용이 포함되었다."
41,미투 캠페인,2018년 01월 29일 ~ 2018년 04월 09일,2018년 04월 02일 ~ 2018년 04월 09일,"사회과학 > 사회학, 사회문제",753,11,46,10,"미투 캠페인(#Me Too)은 성폭력 피해 사실을 SNS에 고발하는 캠페인으로서, 2006년 미국 사회운동가인 타라나 버크가 처음 사용한 문구를 2017년 영화배우 알리사 밀라노가 제안하여 전 세계로 확산되었다. 한국에서는 #OO계_내_성폭력 등의 해시태그 운동으로 이어져오던 성폭력 고발 움직임은, 2018년 1월 29일 서지현 검사가 검찰 내부통신망에 법무부와 검찰 고위 간부로부터 성추행을 당하고 인사 불이익을 받았다는 사실을 폭로하며 본격적으로 촉발되었다. 이후 국회의원, 항공사 승무원, 대학교수, PD, 시인, 연극인 등 각계각층의 인사들이 자신이 당한 성폭력 피해 사실을 밝혀 사회에 큰 파장이 일었다. SNS상에서는 피해자들의 고백을 지지하는 움직임이 잇따랐다. 정부에서는 각 부처에서 성범죄 특별대책 TF를 열고 신고센터를 운영해 성범죄 피해 사실을 접수받는 등의 조치가 있었으며, 국회에서는 ‘여성폭력방지 기본법안’ 과 ‘미투응원법’ 등 성폭력 피해자 지원 및 가해자 처벌에 관한 법안이 발의되었다.

<출처>
- 국가인권위원회 홈페이지 (https://www.humanrights.go.kr/)
- 여성가족부 홈페이지 (http://www.mogef.go.kr/)
- 고용노동부 홈페이지 (http://www.moel.go.kr/)
- 한국여성민우회 홈페이지 (http://www.womenlink.or.kr/)"
42,6.13 지방선거,2018년 06월 13일 ~ 2018년 06월 15일,2018년 06월 05일 ~ 2018년 06월 15일,사회과학 > 정치학,298,2,22,31,"지방자치단체장 및 지방의회 의원을 선출하는 제7회 전국동시지방선거가 2018년 6월 13일 수요일 실시되었다. 투표율은 60.2%로 선거인 34,184,788명 중 25,832,076명이 투표하였으며, 이는 제6회 지방선거(56.8%)보다 3.4% 높은 수치고 제1회 지방선거(68.4%) 이후 역대 두 번째로 높은 수치다. 서울시장에는 더불어민주당 박원순 후보가 3선에 성공했으며, 경기도에는 이재명 전 성남시장이 더불어민주당 후보로 나서 당선되었다. 여당인 더불어민주당은 광역단체장 9석 및 기초단체장 151석 등을 얻어 대승을 거둔 반면, 제1야당인 자유민주당은 광역단체장 2석과 기초단체장 53석 등을 얻는 데 그쳐 참패하였다."
43,2018 북미정상회담,2018년 06월 12일 ~ 2018년 07월 23일,2018년 06월 05일 ~ 2018년 07월 23일,사회과학 > 정치학,669,4,118,18,"도날드 트럼프 미국 대통령과 김정은 북한 국무위원장이 2018년 6월 12일 싱가포르 센토사 섬에서 회담하였다. 2000년 빌 클린턴 미국 대통령과 김정일 국방위원장의 정상회담이 추진되었다가 무산된 이후로, 북한과 미국의 지도자가 만나 회담한 것은 사상 최초의 일이다. 당초 북미정상회담은 5월 24일 트럼프 대통령이 취소 의사를 밝히면서 무산되는 듯 했다. 그러나 김계관 북한 외무성 제1부상이 북한 당국은 여전히 북미대화에 의지가 있다는 내용의 담화문을 발표하고, 26일 남북정상회담에서 문재인 대통령이 판문점을 방문하여 북한이 비핵화를 이행하면 경제협력을 할 용의가 있다는 트럼프 대통령의 의사를 전달하며 다시 대화 분위기가 조성되었다. 두 정상은 6월 12일 만나 한반도 비핵화와 북미관계 정상화, 한반도 평화체제 구축, 미군 유해 송환 등의 4개 조항에 합의하고 후속 회담을 열어 이행 방안을 검토하기로 했다."
44,풍계리 핵실험장 폐기,2018년 05월 24일 ~ 2018년 06월 14일,2018년 06월 05일 ~ 2018년 06월 14일,사회과학 > 정치학,293,5,15,34,"2018년 5월 24일 북한이 ‘판문점선언’에서 합의한 비핵화 조치 이행의 첫걸음으로 풍계리 핵실험장의 갱도를 폭파했다. 풍계리핵실험장은 북한이 2006년부터 2017년 9월까지 6차례 핵실험을 실시해온 장소다. 북한은 이날 오전 11시 2번 갱도와 관측소를, 오후 2시 17분 4번 갱도를, 오후 4시 2분엔 3번 갱도를 폭파하였다. 이날 폭파 현장에는 한국·미국·중국·영국·러시아 등 5개국의 취재진이 참관하였다. 정부는 북한의 핵실험장 폐기를 완전한 비핵화를 위한 의미있는 첫 조치로 평가하고, 북미정상회담의 성공적 개최를 지원하고 ‘판문점 선언’에 명시된 한반도의 완전한 비핵화 및 항구적 평화 정착을 위해 외교적 노력을 다할 것을 다짐하였다."
45,2018 FIFA 러시아 월드컵,2018년 06월 14일 ~ 2018년 07월 15일,2018년 06월 22일 ~ 2018년 07월 17일,"예술 > 오락, 스포츠",560,7,107,60,"2018년 FIFA 월드컵이 6월 14일부터 7월 15일까지 러시아에서 개최되었다. 본선에 참가한 32개국이 조별리그 8개조로 나뉘어 11개 도시 12개 경기장에서 맞붙어 상위 2개팀이 16강에 진출하고, 여기서 다시 결선 토너먼트를 진행해 우승팀을 가렸다. 모스크바 루즈니키 스타디움에서 열린 결승전에서 프랑스가 크로아티아를 4:2로 꺾고 20년 만에 우승을 차지했다. 최우수선수를 지칭하는 골든볼은 크로아티아의 주장 루카 모드리치, 득점왕을 지칭하는 골든부츠는 6골을 득점한 잉글랜드의 해리 케인이 수상하였다. 만 21세 이하 선수에게 주어지는 영플레이어상은 프랑스의 킬리안 음바페에게 돌아갔다. 조별리그 F조에 배정된 한국은 1승 2패 승점 3, 3득점 3실점으로 3위를 차지해 16강 진출에 실패했으나 카잔에서 세계랭킹 1위인 독일을 2-0으로 꺾는 이변을 연출했다."
46,문화자원,2018년 07월 23일,2018년 07월 23일 ~ 2018년 07월 27일,역사 > 아시아,220,5,1,25,"문화자원이란 원래 고고문화재에 한정적으로 사용되는 단어였으나 요즘은 문화재 일반, 나아가 문화시설, 문화콘텐츠 등을 지칭하기도 하는 말로 쓰이고 있다. 문화자원은 유형·무형의 여러 요소로 특정 문화를 대표하거나 혹은 가치있는 것으로 평가되며 특정 문화에 대해 여러 정보를 담고 있다. 국보나 명승고적 외에도 극장, 공공도서관 등의 문화 관련 시설도 문화자원에 포함될 수 있으며, 음악·축제·공연·영화·만화·드라마 등 무형의 문화 관련 자산들 역시 문화자원의 일부에 속한다."
47,2019년 최저임금 인상,2018년 07월 26일 ~ 2018년 08월 21일,2018년 08월 17일 ~ 2018년 08월 21일,사회과학 > 경제학,298,33,5,13,"2018년 7월 14일 최저임금위원회에서 2019년 최저임금이 8,350원으로 결정되었다. 2018년의 7,530원에서 10.9% 증가한 수치로, 한 달을 일할 경우 최소 월급은 1,745,150원이다. 당초 노동계는 2019년 최저임금으로 1만 790원, 경영계는 7,530원 동결을 요구했다. 노동계는 최저임금 산입범위 확대와 문재인 대통령의 최저임금 1만원 공약 달성 필요를 이유로 들었고, 경영계는 중소기업과 소상공인의 부담 완화 필요를 이유로 들었다. 사용자위원 없이 진행된 제15차 전원회의에서 노동자위원 측은 8,680원, 공익위원 측은 8,350원을 최종적으로 제시했고 공익위원 안이 가결되었다. 최저임금 결정 직후 소상공인연합회·중소기업중앙회 등의 경제 단체에서는 정당성이 없는 결정이며 일자리 감소와 양극화 심화가 예상된다는 우려를 표명하였고, 한국노총·민주노총·참여연대 등 노동 및 시민단체에서는 기대에 못 미친 상승 폭이라는 유감의 뜻을 밝혔다."
48,제18회 자카르타·팔렘방 아시안게임,2018년 08월 18일 ~ 2018년 09월 02일,2018년 08월 17일 ~ 2018년 09월 03일,"예술 > 오락, 스포츠","1,000",5,14,82,"제18회 아시안게임은 2018년 8월 18일부터 9월 2일까지 인도네시아 자카르타와 팔렘방에서 개최되었다. 아시아 45개국에서 11,300여명의 선수단이 출전하였으며, 40개 종목에서 465개의 메달이 시상되었다. e스포츠가 최초로 시범종목으로 진행되어 ‘리그 오브 레전드’ 등 6개 세부종목의 경기가 열렸다. 한국은 39개 종목에 1044명의 선수단을 파견했으며, 카누 드래곤보트·조정·여자농구 등 3개 종목에서 남북단일팀을 결성해 출전하였다. 중국이 금메달 132개 등 도합 289개의 메달을 획득해 종합 1위에 올랐고, 한국은 금메달 49개 등 도합 177개의 메달을 획득해 일본에 이어 3위를 기록했다."
49,제21차 이산가족 상봉,2018년 08월 20일 ~ 2018년 08월 29일,2018년 08월 22일 ~ 2018년 08월 29일,사회과학 > 정치학,349,6,6,23,"제21차 이산가족상봉행사가 2018년 8월 20일부터 8월 22일까지 금강산에서 열렸다. 이번에 열리는 이산가족상봉행사는 2015년 10월 이후 2년 10개월 만이다. 이산가족들은 첫 날 저녁 북측에서 주최하는 환영만찬에 참석한 뒤, 다음 날 오전 3시간 동안 개별상봉, 오후 2시간 동안 단체상봉으로 가족과 함꼐 시간을 보냈다. 마지막 날인 22일에는 작별상봉 및 공동식사가 진행되었다. 남북은 인도적 민간 교류를 활성화하고 빠른 시일 내에 금강산 이산가족 상설면회소를 개설하는 데 합의하였다."
50,BMW 주행 중 화재,2018년 08월 16일 ~ 2018년 09월 10일,2018년 08월 31일 ~ 2018년 09월 10일,기술과학 > 기계공학,460,13,9,43,"BMW 차량의 화재가 2018년 들어 8개월 동안 25대나 발생하자 BMW 측이 자발적 리콜을 결정했다. BMW는 자사의 520d 모델 차량에서 배기가스 재순환장치(EGR)에서 흐르는 냉각수가 새어 엔진 과열을 유발하고 이로 인해 화재가 발생할 수 있다는 자체 조사 결과를 국토교통부에 보고하였다. 국토교통부는 8월 16일자로 긴급안전진단을 받지 않은 BMW 리콜 대상 차량에 대해 점검 및 운행정지 명령을 발동할 것을 각 시·도에 요청하였다. BMW 차량의 화재 발생이 잦아지자 차주들이 BMW 사측에 집단으로 소송을 제기하는가 하면, 아파트나 지하주차장 등에서 BMW 차량의 주차를 거부하거나 통제하는 일이 있기도 하였다."
51,2018 남북정상회담 평양,2018년 09월 18일 ~ 2018년 09월 20일,2018년 09월 17일 ~ 2018년 09월 27일,사회과학 > 정치학,673,5,2,54,"2018 남북정상회담 평양은 2018년 9월 18일부터 9월 20일까지 평양에서 개최되었다. 4월 27일 정상회담에서 문재인 대통령이 평양을 방문하기로 합의하였고, 구체적 일정이 남북고위급회담에서 확정되었다. 문재인 대통령과 김정은 국무위원장은 ‘판문점선언’의 이행 성과를 평가하고, 남북관계 지속 및 발전을 위해 ‘9월 평양공동선언’을 발표하였다. 선언문에서 두 정상은 비무장지대 등 대치지역에서 군사적 적대관계를 종식시키고, 동·서해선 철도 및 도로 연결과 개성공단 및 금강산관광사업 복구 등 경제 협력을 증대시키며, 문화예술분야 교류를 증진시키는 등의 내용에 합의하였다. 북측은 동창리 엔진시험장과 미사일 발사대를 각국 전문가들의 참관 하에 영구적으로 폐기하고, 6·12 북미공동성명에 따라 영변 핵 시설 영구 폐기 등 추가적 조치를 취해나갈 용의를 표명하였다. 남측은 이러한 한반도 비핵화 과정에 긴밀히 협력하기로 하였다. 김정은 국무위원장은 문재인 대통령의 초청에 따라 가까운 시일 내에 서울을 방문하기로 하였다."
52,문화유산 콘텐츠,2014년 01월 01일,2018년 09월 18일 ~ 2018년 10월 04일,역사 > 아시아,203,365,0,495,"문화재청에서는 그 동안 흩어져있던 문화유산 관련 디지털 콘텐츠들을 ‘국가문화유산포털’로 통합하여 2014년 1월 1일부터 서비스 중이다. 이 곳에는 기존의 국가문화유산포털, 사이버문화재탐방, 국가기록유산포털, 문화재청 누리집 등에 분산되어있던 콘텐츠들이 통합되어 제공되며, 문화재청 및 관계기관들이 보유한 디지털 콘텐츠 180만여 건 역시 추가로 포함된다. 이 곳에서는 시각장애인 및 고령자를 위한 음성해설, 청각장애인용 수화와 자막이 지원되며 외국인 및 귀화한국인을 고려해 영어, 중국어, 일본어 자막 역시 서비스한다."
53,2000 남북정상회담,2000년 06월 13일 ~ 2000년 06월 15일,2018년 09월 19일 ~ 2018년 09월 19일,사회과학 > 정치학,4,5,5,20,"1998년 2월 출범한 국민의 정부는 세계적인 탈냉전 흐름에 따라 화해협력정책이 한반도 평화와 안정 확보 및 남북관계 개선의 가장 좋은 방법이라는 판단 하에 경제교류협력을 지속적으로 추진하였다. 2000년 3월 김대중 대통령은 대북경제지원, 평화정착, 이산가족 문제해결 등 한반도 문제 전반을 포괄하는 ‘베를린 선언’을 통해 북한과의 대화 의지를 세계에 천명하고 북한의 반응을 촉구하였다. 이러한 흐름에 북한이 호응하여, 2000년 6월 13일부터 6월 15일까지 김대중 대통령이 평양을 방문하여 북한 김정일 국방위원장과 남북정상회담을 개최하였다. 평양 순안공항에 도착한 김 대통령은 공항에서 북측 인사들의 환대를 받았으며, 백화원초대소에서 김정일 국방위원장과 회담하였다. 6월 15일 두 정상은 남북공동선언을 발표하였다. 선언에는 통일 문제를 자주적으로 해결하고 남측의 연합제 안과 북측의 낮은 단계 연방제 안의 공통성을 인정하고 이 방향으로 통일을 지향해나간다는 방향성을 다짐하며, 이산가족·비전향 장기수 등 인도적 문제의 조속한 처리와 경제교류의 활성화 등을 합의하고 적절한 시기에 김정일 국방위원장이 서울을 방문한다는 내용이 들어갔다."
54,2007 남북정상회담,2007년 10월 02일 ~ 2007년 10월 04일,2018년 10월 10일 ~ 2018년 10월 10일,사회과학 > 정치학,69,5,5,21,"2007년 8월 2일과 3일 양일간 김만복 국정원장과 김양건 통일전선부장이 각각 남북 특사로 만났고 이 과정에서 북한이 정상회담 개최를 제안해왔다. 이에 양측은 8월 28일부터 8월 30일까지 제2차 남북정상회담을 개최하는 것으로 합의하였으나, 북한이 수해 피해로 인해 회담 날짜를 10월 초로 연기할 것을 요청하였다. 노무현 대통령은 10월 2일 도보로 군사분계선을 넘어 한국 대통령으로는 최초로 육로를 통해 평양을 방문하였다. 두 정상은 한반도 비핵화와 평화제체 구축에 동의하였으며, 서해평화협력특별지대·경제협력 등에 합의하고 남북교류를 앞으로도 활발히 해나가기로 다짐하였다."
55,2018 한미정상회담,2018년 09월 25일 ~ 2018년 09월 25일,2018년 09월 28일 ~ 2018년 10월 02일,사회과학 > 정치학,141,1,4,9,"2018년 9월 25일 문재인 대통령은 미국 뉴욕을 방문하여 도널드 트럼프 미국 대통령과 한미정상회담을 개최하였다. 두 정상은 대북제재를 계속하면서도 종전선언, 한반도의 완전 비핵화와 항구적 평화 정착을 위한 공조 방안을 모색하기로 협의하였다. 청와대에 따르면 문재인 대통령은 김정은 북한 국무위원장의 비핵화 의지를 전달하였고, 트럼프 대통령은 회담 결과를 환영하며 김 위원장의 비핵화 의지 재확인을 높이 평가하였다. 2차 북미정상회담 개최에 합의하면서 교착 상태에 빠졌던 북미 관계가 타협점을 찾을 것으로 전망된다. 두 정상은 한·미 FTA에 관한 정상 공동성명을 발표하였으며, 방위비 분담금 등의 문제에 관해서도 심도 있는 대화를 나누었다."
56,2019 FIFA U-20 월드컵,2019년 05월 23일 ~ 2019년 06월 15일,2019년 06월 19일 ~ 2019년 07월 02일,"예술 > 오락, 스포츠",199,1,6,82,"2019 FIFA U-20 월드컵이 2019년 5월 23일부터 6월 15일까지 폴란드에서 개최되었다. 24개국이 조별리그 6개조로 나뉘어 6개 도시 7개 경기장에서 맞붙어 상위 2개 팀과 조 3위 팀들 중 승점 상위 4개팀이 16강에 진출하고, 여기서부터 토너먼트를 진행해 우승팀을 가렸다. 폴란드 중부도시 우치의 스타디온 비데바에서 열린 결승전에서 우크라이나가 한국을 꺾고 우승을 차지했다. 최우수 선수를 지칭하는 골든볼은 대한민국의 이강인, 골키퍼에게 주어지는 골든 글러브는 7경기 4실점에 그친 우크라이나의 안드리 루닌에게 돌아갔다. 조별리그 F조에 배정된 대한민국은 아르헨티나, 포르투갈 등 강팀들이 배정된 F조에서 2승 1패 승점 6, 3득점 2실점으로 2위를 차지해 16강에 진출하고, 이어지는 경기들에서 좋은 모습을 보이며 이번 대회 처음으로 결승까지 진출했으나, 결승전에서 우크라이나에 패배하여 준우승의 성적을 거두었다."
57,2019 남북미정상회담,2019년 06월 30일 ~ 2019년 06월 30일,2019년 07월 04일 ~ 2019년 08월 29일,사회과학 > 정치학,546,1,13,104,"2019 G20 오사카 정상회의 직후 2019년 6월 30일 판문점 평화의 집에서 한국과 북한, 미국 정상 간의 만남이 있었다. 이 회담은 서울에서 진행된 한미정상회담을 위한 도널드 트럼프 미합중국 대통령의 방한 일정 중 성사되었다. 문재인 대통령, 김정은 국무위원장, 도널드 트럼프 대통령이 참석하였다. 갑작스럽게 이루어진 회담이었기 때문에 구체적인 합의가 도출되지는 않았지만, 북미 정상이 1시간 가까이 단독회담을 가졌다. 회담 이후 미국은 2~3주 내에 실무 협상을 준비한 후 실무 전담팀을 북한에 파견하기로 결정했다. 트럼프 대통령은 속도가 중요하지 않고 포괄적 합의가 중요하다고 밝혔다. 이와 별도로 트럼프 대통령과 김정은이 각각 서로를 백악관과 평양에 초청하였다."
58,2019 북미정상회담,2019년 02월 27일 ~ 2019년 02월 28일,2019년 07월 02일 ~ 2019년 07월 10일,사회과학 > 정치학,95,2,31,75,"2019년 2월 27일부터 28일까지 베트남 하노이에서 도널드 트럼프 미국 대통령과 김정은 북한 국무위원회 위원장 간의 정상회담이 개최되었다. 제1차 정상회담 이후로 260일 만에 열린 회담이다. 도널드 트럼프 대통령과 김정은 위원장은 하노이 소피텔 레전드 메트로폴 호텔에서 만났다. 그러나 회담 2일째의 업무 오찬이 돌연 취소됐고, 곧이어 뜻밖에도 회담 결렬이 선언되었다. 최종합의에서 북한은 영변 비핵화를 조건으로 한 대북제재 완전 해제를 제안하였으나, 미국은 영변 외 지역의 다른 핵시설까지도 완전히 비핵화할 것을 조건으로 제시하였다. 선언문은 준비되어 있었으나, 두 의견이 상충하면서 채택이 결렬되었다."
59,2019 한일무역분쟁,2019년 07월 01일,2019년 07월 15일 ~ 2019년 08월 09일,사회과학 > 경제학,368,3,12,66,"2019년 대한민국과 일본의 외교적 마찰이 커지자, 일본이 대한민국에 단행한 공업 소재 수출 규제 조치로 인해 이른바 한일무역분쟁이 발생하였다. 2019년 일제 강제징용 손해배상 사건 배상 판결 및 해당기업 자산 압류 및 매각 명령에 따른 경제제재 조치로 풀이되고 있다. 2019년 7월 1일 일본이 반도체 및 디스플레이 제조 핵심 소재의 수출을 제한하기로 발표하면서 경제제재에 돌입하였다. 추가로 일본 정부는 7월 24일 한국에 대한 무역 백색국가 제외 조치를 시행하겠다고 통보하였고, 결국 8월2일 백색국가에서 제외하기로 결정하였다. 이에 따라 경제에 상당한 타격이 있을 것으로 예상되었으나, 기업들은 빠르게 국산화, 수입처 다변화 등을 시행하였고, 국민들이 자발적으로 시작한 일본 불매운동이 펼쳐지고 있다."
60,3.1운동 및 임시정부100주년 기념,2019년 03월 01일 ~ 2019년 12월 31일,2019년 07월 26일 ~ 2019년 08월 09일,역사 > 아시아,428,4,26,"1,716","1919년 1차 세계대전의 전후 처리를 위한 파리 강화회의가 개막되고 그 사흘 후 고종 황제가 급사하여 국내외 정세가 격변하였다. 이때를 맞아 한국인의 독립 의지를 세계에 알리고자 하는 움직임이 일어났고 도쿄 유학생들의 ‘2.8 독립선언서’ 발표도 있었다. 국내에서는 종교계와 학생들이 독립선언을 준비했고, 1919년 3월 1일 서울을 비롯한 전국 각지에서 독립선언식과 만세시위가 일어났으며, 이러한 3.1운동을 계기로 1919년 9월 11일 대한민국 임시정부가 구성되었다. 이와 같이 3.1운동은 대한민국 임시정부 수립의 계기가 되었을 뿐만 아니라, 대한민국의 정통성이 3.1 운동에 있음을 헌법에도 명시하고 있을 만큼 20세기 한국사는 물론 세계사에서도 중요한 사건으로 평가되고 있다. 2019년은 3.1운동과 대한민국 임시정부 수립 100주년을 맞이하게 되었다."
61,4차 산업혁명,2016년 01월 20일,2019년 08월 20일 ~ 2019년 09월 04일,"기술과학 > 전기공학, 통신공학, 전자공학",113,129,17,1,"1차 산업혁명은 증기기관을 활용하기 시작한 때의 변화를 말하며, 2차 산업혁명은 증기에서 전기와 석유를 활용하게 되는 변화로 20세기 초에 일어난 변화를 말한다. 3차 산업혁명은 20세기 말, 21세기 초에 이루어진 컴퓨터, 인터넷, 인공위성을 발명으로 촉진된 산업혁명으로 정보 혁명이라고도 한다. 이어지는 4차 산업혁명은 인공지능, 빅데이터 등 디지털 기술로 촉발되는 초연결 기반의 지능화 혁명을 의미한다. 특히 네트워크(loT, 5G), 빅데이터(Cloud, Big Data), 인공지능SW(기계학습, 알고리즘) 등 디지털 기술이 각 분야의 기반시설과 융합하여, 급속한 경제, 사회변화를 일으키고 있다."
62,2019 광주세계수영선수권대회,2019년 07월 12일 ~ 2019년 07월 28일,2019년 06월 20일 ~ 2019년 07월 31일,"예술 > 오락, 스포츠",275,10,10,17,"2019 광주 세계수영선수권대회가 7월 12일부터 7월 28일까지 개최되었다. 남부대학교, 조선대학교의 시설과 염주 종합체육관, 여수엑스포 해양공원의 시설을 이용하여 대회가 개최되었고, 경영, 다이빙, 수구, 아티스틱 수영, 오픈워터 수영, 하이다이빙의 6개 종목으로 17일간 치러졌다. 경기결과 중국이 금메달 16개, 은메달 11개, 동메달 3개로 종합 1위를 차지했으며, 미국과 러시아가 그 뒤를 이었다. 한국은 동메달 1개를 거두며 23위의 성적으로 대회를 마쳤다."
63,비엔날레,1995년 09월 20일,2019년 06월 26일 ~ 2019년 10월 31일,예술 > 예술,24,0,0,0,"'비엔날레'는 원래 이탈리아어로 '2년에 한 번'이라는 뜻으로 미술 분야에서는 2년마다 열리는 전시 행사를 의미한다. 1895년 베니스에서 시작된 비엔날레가 유명세를 얻으며 대규모 국제 전시회를 일컫는 말로 널리 쓰이게 되었다. 베니스 비엔날레는 세계 각국의 비엔날레 중 가장 역사가 길고 그 권위를 인정받고 있으며, 세계 각국의 최신 미술 경향을 소개하는 장의 역할을 하고 있다. 한국에서는 1995년에 처음 열린 광주 비엔날레를 시작으로 현대미술 전반을 비롯하여 사진, 건축, 미디어아트 등에 초점을 맞추는 다양한 비엔날레가 개최되고 있다.

<출처>
비엔날레 (세계미술용어사전, 월간미술 https://monthlyart.com/)"
64,전통 재래시장,2019년 01월 01일,2019년 08월 20일 ~ 2019년 08월 24일,사회과학 > 경제학,72,0,0,0,"전통 재래시장은 소상인들이 모여서 갖가지 물건을 직접 판매하는 전통적 구조의 시장을 말한다. 조선시대부터 내려온 3일장, 5일장 같이 사람들이 모여서 열리는 정기시장과 소상인들의 연합체 구조를 갖춘 상설시장이 주류를 이루고 있다. 그러나 2000년대 들어 유통구조와 대중들의 소비 문화가 변화하면서 전통적 방식의 재래시장은 위기를 맞았고 시설 현대화, 시장조합 활성화와 같은 개선과 변화를 추구하고 있다. 위기탈출을 위해 노력하는 전통 재래시장들의 현 주소를 남기고자 한다.

<출처>
전통시장 통통(http://www.sbiz.or.kr/sijangtong/nation.do)"
65,"지소미아(GSOMIA, 한일 군사정보보호협정)",2019년 08월 22일 ~ 2019년 11월 22일,2019년 08월 23일 ~ 2019년 12월 31일,사회과학 > 정치학,540,3,2,0,"지소미아는 2016년 11월 23일에 체결된 대한민국과 일본간의 군사협정으로 정식명칭은 ‘한일 군사정보포괄보호협정’이다. 이 협정은 군사정보 제공과 보호, 이용 등을 규정하며, 해방 및 대한민국 정부 수립 이후 한일 양국이 맺은 첫 번째 군사협정이다. 2012년 이명박 정부에서 처음 협정을 시도하였으나 거센 반대로 인하여 협정은 유보되었다. 이후 2016년 박근혜 정부 말기에 다시 협상이 시작되어 큰 반대에도 불구하고 협정이 체결되었다. 한편 문재인 정부에서는 본협정을 계속 이어나갔으나 2019년 7월 일본의 수출통제 국면을 맞아 2019년 8월 22일 국익에 실효성이 없다고 판단하여 지소미아 종료가 결정되었으나, 발효일인 11월 22일, 일본과의 협상 유지기간 동안의 종료 효력 유예를 결정했다."
66,한국영화,2019년 05월 21일,2019년 05월 29일 ~ 2019년 08월 26일,"예술 > 공연예술, 매체예술",230,0,8,66,"1919년 10월 27일, 우리나라 최초의 상설 영화관인 단성사에서 우리 자본으로 제작된 최초의 연쇄극 <의리적 구토>가 처음 상영되었다. 이를 기념하여 1962년 10월 27일이 ‘영화의 날’로 제정되었으며, 2019년은 그로부터 100년을 맞이하는 뜻깊은 해이다. 한편 이를 축하라도 하듯 봉준호 감독의 영화 <기생충>이 2019년 5월 21일 72회 칸 영화제에서 한국영화 최초로 황금종려상을 수상하였다. 이렇게 뜻깊은 해를 맞아 한국영화와 영화인 그리고 관련 단체들을 재조명해본다."
67,한국 추천여행지,2019년 01월 01일,2019년 08월 23일 ~ 2019년 09월 03일,역사 > 지리,"3,701",0,0,0,"한국의 관광산업은 1970년대에 관광 인프라를 확충해나갔고, 1980년대 들어 3저 호황과 함께 국민 소득수준 상승에 따라 크게 수요가 늘며 성장하였다. 1990년대를 지나면서 아름답고 이국적인 해외여행을 선호하는 사람들도 많아졌지만, 국내 관광도 해외 못지않게 아름답고 특이하며 볼만한 곳이 많다. 그러나 막상 국내 여행을 나서려면 익히 예전부터 들어왔던 유명한 장소들 외에는 크게 와닿는 곳이 없는 것도 사실이다. 따라서 가려져 있던 한국의 많은 관광지와 여행지, 그리고 행사 등을 소개한다."
68,제21대 국회의원 선거(4·15 총선),2020년 04월 15일,2020년 09월 10일 ~ 2020년 10월 10일,사회과학 > 정치학,329,50,0,21,"임기가 2020년 5월 30일부터 2024년 5월 29일까지인 제21대 국회의원을 선출하는 4·15총선이 2020년 4월 15일 수요일에 실시되었다. 코로나바이러스감염증-19 유행 속에서 치러진 4·15총선은 만18세 이상의 유권자가 참여한 첫 선거이자 준연동형 비례대표제가 적용되는 첫 선거였으며, 감염병으로 인한 재외선거 난행으로 선거권 침해 논란이 일기도 하였다."
69,5·18민주화운동 40주년,2020년 05월 18일,2020년 05월 18일 ~ 2020년 10월 10일,역사 > 아시아,165,31,1,37,"5·18 민주화운동은 1980년 5월 18일부터 27일 새벽까지 열흘 동안, 전두환을 정점으로 한 당시 신군부 세력의 진압에 맞서 광주시민과 전남도민이 ‘비상계엄 철폐’, ‘유신세력 척결’등을 외치며 죽음을 무릅쓰고 민주주의 쟁취를 위해 항거한 역사적 사건이다. 항쟁 기간 중 22~26일 닷새 동안은 시민들의 자력으로 계엄군을 물리치고 광주를 해방구로 만들어 세계사에서 그 유래가 드문 자치공동체를 실현하기도 했다. 계엄군에 의해 진압당한 이후 5·18민주화운동은 한때 ‘북한의 사주에 의한 폭동’으로 매도당하기도 했으나 진상규명을 위한 끈질긴 투쟁으로 1996년에는 국가가 기념하는 민주화운동으로, 2001년에는 관련 피해자가 민주화 유공자로, 5·18 묘지가 국립5·18 묘지로 승격되어 그 명예를 온전히 회복하였다. 2020년은 5·18 민주화운동 40주년이 되는 해로, 각지에서 그 의미를 되새기는 행사와 공연을 벌였다."
70,6·25전쟁 70주년,2020년 06월 25일,2020년 04월 29일 ~ 2020년 10월 10일,역사 > 아시아,345,0,4,10,"1950년 6월 25일 새벽, 북한군이 기습적으로 불법 남침을 감행하면서 6·25전쟁이 시작됐다. 6·25전쟁은 국군과 유엔군을 포함해 수많은 사람들의 목숨을 빼앗아갔고, 한반도의 전 국토를 폐허로 만들어 버렸다. 100년이 지나도 재건이 불가능하다고 여겨졌지만 한국인은 잿더미로 변한 불모의 땅에서 한강의 기적을 이뤄냈다. 유엔참전국 군인들이 3년간 한국 땅에서 보여준 희생은 헛되지 않았으며, 오늘날의 대한민국을 있게 한 밑거름이 됐다. 6·25전쟁에는 총 317만 명(국군 127만 명, 미국 등 유엔군 190만 명)이 참전했고 이들의 평균 연령은 88세에 달한다. 6·25전쟁 70주년은 국내외 참전용사가 참여할 수 있는 마지막 10년 주기 행사라는 점에서 의미가 더 깊다. 이에 정부는 2019년 7월 25일 대통령 훈령으로 ‘6·25전쟁 70주년 사업추진위원회 규정’을 제정하고, 2020년 1월 국무총리 소속 6·25전쟁 70주년 사업추진위원회를 공식 출범하였다. 위원장은 민간위원장과 국무총리가 공동으로 맡았고, 문재인 대통령은 김은기 전 공군참모총장을 민간위원장으로 위촉했다."
71,부동산 정책,2020년 05월 06일,2020년 07월 02일 ~ 2020년 10월 10일,사회과학 > 경제학,"1,187",338,0,191,"정부에서 안정적인 주택시장을 만들기 위해 제시한 부동산 관련 모든 정책을 말한다. 집값이 지나치게 오르거나 내리는 경우를 방지하고, 전체적인 주택 물량 공급을 안정적으로 가져가는데 그 목표가 있다."
72,디지털 성범죄,2020년 04월 23일,2020년 07월 09일 ~ 2020년 10월 10일,"사회과학 > 사회학, 사회문제",281,26,29,11,"디지털 기기와 정보통신기술을 매개로 온·오프라인 상에서 발생하는 성 인지(젠더) 기반 폭력이다. 동의 없이 상대의 신체를 촬영하거나 유포·유포협박·저장·전시하는 행위와 사이버 공간에서 타인의 성적 자율권과 인격권을 침해하는 행위를 모두 포괄한다. 현재 범죄로 규정되는 디지털 성폭력은 성적 목적을 위한 불법 촬영, 성적 촬영을 비동의 유포, 통신매체를 이용한 음란행위 등이 있다."
73,체육계 폭력,2020년 06월 22일,2020년 06월 22일 ~ 2020년 10월 10일,"예술 > 오락, 스포츠",231,6,0,1,2020년 6월 22일 故 최숙현 철인3종 선수가 폭력을 휘두른 가해자를 엄벌에 처해줄 것을 바라며 극단적 선택을 했다.
74,기후변화,2020년 08월 01일,2020년 08월 31일 ~ 2022년 05월 01일,자연과학 > 지학,311,347,16,7,"기후변화를 이해하기 위해서는 우선 기후에 대한 이해가 필요하다. ‘날씨’는 매일 우리가 경험하는 기온, 바람, 비 등의 대기 상태를 말하며, ‘기후’는 수십 년 동안 한 지역의 날씨를 평균화한 것이다. ‘기후변화’는 지구온도 상승, 해수면 상승, 이상기후 현상 빈발 등 수십 년 또는 그 이상 지속되는 통계적으로 중요한 기후의 변동을 의미한다."
75,제32회 2020 도쿄올림픽,2021년 07월 23일 ~ 2021년 08월 08일,2020년 11월 03일 ~ 2021년 11월 17일,"예술 > 오락, 스포츠",511,0,0,0,"2021년 7월 23일부터 8월 8일까지 일본 도쿄에서 열린 제32회 하계올림픽으로, 코로나19의 전 세계 확산으로 1년 연기돼 개막된 올림픽이다. 하계 올림픽이 감염병으로 연기된 것은 올림픽 역사 124년 만에 처음 있는 일로, 당초 도쿄올림픽은 2020년 7월 24일부터 8월 9일까지 개최될 예정이었다. 이전까지 3차례(1916 베를린, 1940 도쿄, 1944 런던) 올림픽이 열리지 않은 사례는 있었으나 이는 모두 취소된 대회(세계대전)다. 이번 올림픽 연기 결정으로, 4년 주기로 짝수 해에 열리던 전통도 처음으로 깨지게 됐다. 대회가 1년 연기되어 2021년에 개최되었지만, 대회 명칭은 그대로 '2020 도쿄올림픽'이 사용되었다."
76,녹색미래(Green Future),2015년 12월 12일,2021년 07월 05일 ~ 2022년 12월 31일,자연과학 > 지학,664,0,0,0,"인류는 21세기 들어 기후변화의 시대를 맞으며, 지속가능한 성장에 대한 본격적인 논의에 돌입했다. 2015년 12월 12일 파리에서 열린 21차 유엔 기후변화협약 당사국총회(COP21) 본회의에서 195개 당사국이 채택한 파리기후변화협약이 그러한 논의의 대표적인 결과였다. 이 협약은 산업화 이전 수준 대비 지구 평균온도가 2℃ 이상 상승하지 않도록 온실가스 배출량을 단계적으로 감축하는 내용을 담고 있다. 2020년 11월 4일 파리기후변화협약을 탈퇴했던 미국이 2021년 1월 20일 조 바이든 대통령 취임 첫날 협약에 재가입하면서, 기후변화와 지속가능한 성장에 대한 관심은 재확산하고 있다."
77,제16회 도쿄 패럴림픽,2021년 08월 24일 ~ 2021년 09월 05일,2021년 07월 05일 ~ 2021년 11월 07일,"예술 > 오락, 스포츠",261,0,0,0,"2021년 8월 24일 9월 5일까지 일본 도쿄에서 열린 제16회 하계 패럴림픽으로, 코로나19의 전 세계 확산으로 1년 연기돼 개막되었다. 참가국은 당초 181개국에서 163개국으로 줄었는데, 코로나19의 여파로 사모아, 통가 등이 참가를 포기했고, 그 외 일부 국가들이 국내외 사정을 이유로 불참을 알렸다. 불참국 중에서 이슬람 무장단체 탈레반이 정권을 재장악한 아프가니스탄이 눈길을 끌었다."
78,2021년 대한민국 재보궐선거 (4·7 재보궐선거),2021년 07월 23일 ~ 2021년 08월 08일,2021년 07월 05일 ~ 2021년 11월 17일,사회과학 > 행정학,271,0,0,0,"2020년 7월 10일 박원순 전 서울시장의 임기 중 사망, 오거돈 전 부산시장 자진사퇴 등으로 인해, 재보궐선거가 실시되었다."
79,문화콘텐츠,2021년 01월 01일,2022년 01월 27일 ~ 2022년 12월 31일,"예술 > 공연예술, 매체예술",603,0,0,0,“한류가 아시아와 그 너머 다른 국가들에서도 한국의 문화적 영향력을 확산시켜 한국을 세계적인 무대에 올려놓은 사실은 부정할 수 없다. 한국은 대중문화 수출의 선두 국가 중 하나이다.”
80,누리호,2020년 07월 21일,2020년 09월 08일 ~ 2022년 02월 26일,기술과학 > 기계공학,38,0,0,0,"1957년 소련(지금의 러시아)은 인류 최초의 인공위성인 스푸트니크 1호 발사에 성공했고, 뒤를 이어 미국이 1958년에 익스플로러 1호를 띄워 올렸다. 이후로 세계 각국은 과학 연구 목적의 인공위성, 방송과 통신용 인공위성, 기상 관측용 인공위성, 감시용의 군사 첩보 인공위성 등 다양한 쓰임새의 인공위성을 쏘아 올렸다."
81,2022년 20대 대통령선거(20대 대선),2022년 03월 09일,2021년 09월 01일 ~ 2022년 02월 26일,사회과학 > 행정학,210,0,0,0,"제20대 대통령선거가 2022년 3월 9일 실시된다. 제20대 대통령선거는 18세 이상의 국민으로 선거권이 확장된 이래 두 번째로 치르는 선거이며, 대통령선거로는 첫 번째 선거이다. 선거일에 투표할 수 없는 국민은 사전투표기간(2022.3.4.~3.5.)에 전국 사전투표소 어디에서나 투표할 수 있다. 제20대 대통령 당선인의 임기는 2022년 5월 10일부터 2027년 5월 9일까지로 만 5년이다."
82,도서관,2000년 01월 01일,2021년 08월 01일 ~ 2022년 02월 26일,총류 > 문헌정보학,329,0,0,0,도서관은 도서 및 기타 자료를 수집·정리·보존하여 독자에게 독서·조사·연구·참고·취미 등에 이바지 할 목적으로 조직 운영되는 기관이다.
